n,insertion,merge
100,0.000380,0.000365
200,0.001871,0.000768
400,0.006468,0.001752
800,0.025822,0.003757
