n,insertion,merge
200,0.001245,0.000519
400,0.004452,0.001297
800,0.019980,0.002643
1600,0.074407,0.005582
3200,0.294539,0.012637
6400,1.239516,0.026747
